카테고리 대분류필수,카테고리 중분류필수,카테고리 소분류필수,대화명(255 이내) - 필수,"답변내용(4,000자 이내) - 필수",동작방식1,동작명1,동작값1,동작방식2,동작명2,동작값2
환경정보공개,정보공개,제도 안내 및 절차,환경정보의 공개 절차,"환경정보를 등록하는 기관·기업 등은 전년도 환경정보를 6월 말까지?환경정보공개검증시스템(www.env-info.kr)에 등록하게 됩니다. 등록된 환경정보는 한국환경산업기술원의 적정성, 일관성, 신뢰성 등 환경정보 검증을 거쳐 최종 확인 후에 당해년도 12월에 환경정보공개시스템을?통해 대중에게 공개될 예정입니다.",웹링크,바로가기,http://elms.keiti.re.kr,전화걸기,바로전화,1577-7360
가정용보일러인증,기타,보조금,가정용 보일러 지원 보조금 여부,"「가정용 저녹스 보일러 설치 지원 보조금 업무처리지침」에 따라 가정용 보일러 인증이 아닌, 한국환경산업기술원의 환경표지 인증을 받은 제품만 보조금 지원 대상이에요. 대상 제품은 아래 페이지에서 확인해주세요.보조금 지급 대상제품은 환경표지인증 홈페이지(http://el.keiti.re.kr)→정보마당→인증현황 자료실→보일러 인증 현황에서 최근 환경표지인증제품 목록을 확인해 주세요",웹링크,바로가기,http://el.keiti.re.kr/service/page.domMenu=6&sMenu=12※ 향후 시스템 개발 완료시 인증정보 통합 검색 기능 별도 구현 예정,,,
가정용보일러인증,기타,컨설팅,방문 상담 가능,"한국환경산업기술원으로 방문 시 상담은 수시로 제공하고 있어요.별도 연락 없이 방문하셔도 상담이 가능하고, 방문 상담 이외에도 온라인 또는 유선 전화로도 상담이 가능해요.※ 지금은 코로나19로 인해 비대면 상담만 가능해요(업무시간:09:00~18:00)",전화걸기,바로전화,"02-2284-1543, 1550, 1551, 1557",,,
가정용보일러인증,기타,컨설팅,가정용 보일러 컨설팅 신청 방법,1종 또는 2종의 현장 설치 조건에 따라 보일러 종류 선택이 곤란한 경우 가정용 보일러 설치 현장컨설팅을 신청할 수 있어요.컨설팅 신청은 해당 지방자치단체에 확인하신 후 가정용 보일러 설치 현장컨설팅 신청서를 작성하여 신청해주세요.,,,,,,
가정용보일러인증,인증관리,사후관리,인증제품 사후관리(인증검사) 방식,가정용 보일러 인증 받은 보일러에 대해 설치 전에 인증기준을 만족하는지 대표시료 검사를 해요. 진행절차는 아래를 봐주세요사전예고 → 시중제품 구매 또는 생산현장 시료수거 → 시험분석 → 인증 유지 또는 취소 ,,,,,,
가정용보일러인증,인증관리,인증갱신,갱신업무 절차,가정용 보일러 인증기간이 별도로 없기 때문에 인증에 대한 갱신이 따로 없어요,,,,,,
가정용보일러인증,인증신청,변경신청,"상호, 대표자, 주소 변경 시","변경신청서와 첨부자료를 한국환경산업기술원으로 아래 서류를 제출해주시면 됩니다1. 변경신청서2. 변경내용을 입증할 수 있는 자료(사업자등록증 등)※ 상호, 대표자, 주소를 변경하려는 경우 변경사유 발생일로 부터 15일 이내에 신청",,,,,,
가정용보일러인증,인증신청,변경신청,제품명 변경 시,변경신청서와 첨부자료를 한국환경산업기술원으로 아래 서류를 제출해주시면 됩니다1. 인증제품 변경신청서2. 인증제품과 동일성을 입증할 수 있는 자료(부품내역서 등),,,,,,
가정용보일러인증,인증신청,신규신청,신청서 접수 기간,"가정용 보일러 인증 신청기간은 별도로 정해져 있지 않아요. 제조기업 전체에 심사일정을 심사위원회 2주전에 안내하고 있고, 인증심사위원회 개최일 1주일전까지 신청하여야 해당 차수 심사를 받을 수 있어요",,,,,,
가정용보일러인증,인증신청,신규신청,인증업무 절차,인증업무 진행 순서는 아래를 확인해주세요!인증신청서 제출(시험성적서 포함) → 접수 → 접수증 통보 → 서류검토 및 자료보완 → 인증심사위원회 심사 → 심의결과 통보 → 인증서 교부 → 인증서 사용,,,,,,
가정용보일러인증,인증신청,처리기간,"신규, 파생, 변경 신청 처리 기간","신규, 파생, 변경 신청의 처리기간은 신청서를 접수한 날부터 30일 이내에 인증 여부를 결정해서 통보하고 있어요.단, 서류 보완에 소요되는 기간은 처리기간에 산입하지 않아요",,,,,,
가정용보일러인증,인증정보,국내 판매,해외 제조 제품 국내 판매 가능,해외 수입 제품을 국내에서 판매는 가능해요.단. 국내 대기관리권역에서 판매하기 위해 가정용 보일러 인증을 취득 후 판매해야해요,,,,,,
가정용보일러인증,인증정보,수수료,신청수수료 및 사용료,가정용 보일러 인증은 별도의 신청 수수료와 사용료가 없어요,,,,,,
가정용보일러인증,인증정보,인증 기간,가정용 보일러 인증기간,가정용 보일러인증은 인증기간이 별도로 없어요. 가정용 보일러 인증검사(사후관리)에서 인증 취소가 되지 않으면 인증은 계속 유지됩니다,,,,,,
가정용보일러인증,인증정보,인증 종류,1종과 2종이란, 「대기관리원역의 대기환경개선에 관한 특별법 시행규칙」 [별표5]에 따라 1종과 2종을 구분하고 있어요.1종의 기준이 2종 기준 보다 배출가스 및 열효율이 엄격한 기준이에요. ※ 환경표지인증을 받은 제품은 1종 인증을 받은것으로 봄,,,,,,
가정용보일러인증,인증정보,인증 필수,가정용 보일러 인증 필요한 이유, 「대기관리권역의 대기환경개선에 관한 특별법」시행('20.4.3)에 따라 대기오염 물질의 저감과 관리를 위해 대기관리권역의 제조·공급·판매자 대상으로 가정용보일러 인증이 의무화 되었어요 ,,,,,,
가정용보일러인증,인증정보,인증 필수,가정용 보일러 미인증 시,"인증을 받지 않고 제조·공급·판매한 자는 300만원이하의 과태료 및 1년 이하의 징역, 1천만원 이하의 벌금을 부과받을 수 있습니다.",,,,,,
가정용보일러인증,기타,보조금,정부 보조금 제품 확인 방법,"구매하고자 하는 제품이 보조금 지원 대상인지 여부는 아래를 확인해주세요환경표지인증 홈페이지(http://el.keiti.re.kr)→정보마당→인증현황 자료실→보일러 인증 현황※ 보조금 지원 대상 제품은 환경표지(마크) 친환경 콘덴싱(1종) 보일러만 해당되고, 해당 지자체에 예산 소진여부를 확인해주세요",,,,,,
가정용보일러인증,인증결과,심의결과,최종 심사결과 언제 확인,심사결과는 가정용 보일러 인증심사위원회에서 심사 후 3일 이내에 결과를 알려드리고 있어요,,,,,,
가정용보일러인증,인증결과,인증서 발급,인증서 재발급 방법,인증서 재발급 신청서를 작성하여 한국환경산업기술원으로 제출해주시면 됩니다※ 가정용 보일러의 인증 및 검사에 관한 고시 [별지 제1호] 서식,,,,,,
가정용보일러인증,인증결과,인증서 발급,인증서 발급 방법,인증서는 한국환경산업기술원에서 인증서를 날인하여 신청인에게 우편으로 직접 발송하고 있어요,,,,,,
가정용보일러인증,인증신청,변경신청,공장소재지 변경 시,가정용 보일러 생산 공장이 변경 됬을 때 변경신청서와 첨부자료를 한국환경산업기술원으로 아래 서류를 제출해주시면 됩니다1. 사업자등록증 사본2. 인증서 원본3. 공장등록증 등의 자료,,,,,,
가정용보일러인증,인증신청,변경신청,부품 변경 및 추가 시 신고,"인증된 제품의 부품이 변경 되거나 추가 될 때에는 한국환경산업기술원으로 신고하여야 해요. 다만, 아래의 주요부품 변경/추가의 경우에는 별도의 시험이 필요해요1. 버너2. 가스밸브(거버너포함)3. 안전장치4. 열교환기5. 팬6. 전자제어장치",,,,,,
가정용보일러인증,인증신청,변경신청,회사 합병 인수 시,가정용 보일러 생산기업이 변경 됬을 때 변경신청서와 첨부자료를 한국환경산업기술원으로 아래 서류를 제출해주시면 됩니다1. 사업자등록증 사본2. 합병 인수 관련 계약서 등의 자료,,,,,,
가정용보일러인증,인증신청,신규신청,가정용 보일러 인증 신청 서류,"가정용 보일러 인증 신청시 아래 제출 서류를 한국환경산업기술원으로 온라인(메일)로 스캔본을 제출해주시고, 신청서류 원본은 오프라인으로 제출해주시면 됩니다1. 인증신청서(공문)2. 시험성적서(가정용 보일러 인증용)3. 구조·성능·내구성 등에 관한 설명서4. 판매 및 사후관리체계에 관한 설명서5. 제품보증에 관한 서류6. 기타 증빙자료※ 자세한 내용은 홈페이지(http://el.keiti.re.kr) 자료실(기타)에 게시되어 있는 ""가정용 보일러 인증신청 가이드라인""을 참고해주세요",웹링크,바로가기,http://el.keiti.re.kr/service/page.domMenu=6&sMenu=10,,,
가정용보일러인증,인증신청,신규신청,파생제품 신청 방법,"파생제품 인증 신청할 때는 아래 제출 서류를 한국환경산업기술원으로 온라인(메일)로 스캔본을 제출해주시고, 신청서류 원본은 오프라인으로 제출해주시면 됩니다1. 인증신청서2. 파생신청모델의 기본모델과의 차이 설명서 등※ 자세한 내용은 홈페이지(http://el.keiti.re.kr) 자료실(기타)에 게시되어 있는 ""가정용 보일러 인증신청 가이드라인""을 참고해주세요",웹링크,바로가기,http://el.keiti.re.kr/service/page.domMenu=6&sMenu=10,,,
가정용보일러인증,인증정보,인증 제품,가정용 보일러 인증 업체 및 제품 확인방법,가정용 보일러 인증 중인 업체와 제품은 환경표지인증 홈페이지(http://el.keiti.re.kr) → 정보마당 → 인증현황 자료실 → 보일러 인증 현황에서 최근 환경표지인증제품 목록을 확인해 주세요,,,,,,
녹색구매·제품정보,계정관리 및 로그인,(공공기관용)기관등록,기관등록 신청 방법,녹색구매정보시스템 이용을 위해서는 기관등록이 필수입니다. 기관등록을 위해서 아래와 같이 기관등록 신청을 진행해주세요.녹색구매정보시스템 접속 → [기관등록] 클릭 → 신청자 정보 및 등록대상기관 정보 입력 → 차상위기관은 신청기관의 상위기관 입력하여 신청가능합니다.,웹링크,바로가기,https://gd.greenproduct.go.kr:8447/web/orgn/organRegist.do,,,
녹색구매·제품정보,계정관리 및 로그인,(공공기관용)기관등록,기관정보 변경 방법,녹색구매정보시스템에서 변경 전 기관명으로 로그인 → 기관/회원 탭 이동 → 기관정보 변경 신청※ 기관코드는 동일하나 기관명만 변경된 경우에는  게시판 또는 유선으로 요청할 수 있습니다.,전화걸기,바로전화,02-2284-1065,,,
녹색구매·제품정보,계정관리 및 로그인,(공공기관용)기관등록,기관코드 확인 방법,"기관코드를 모르는 경우엔 기관코드 검색을 통해 확인할 수 있습니다.1) 나라장터 접속 →""입찰공고"" 검색의 기관명에 ""수요기관"" 선택 후 돋보기 클릭 → 수요기관명 입력 후 검색2) 1)의 방법으로 조회되지 않을 경우, ""기관등록신청"" 메뉴의 [행안부 기관코드검색] 버튼 클릭 → 기관명 입력 후 조회",웹링크,1) 조달청 수요기관 코드 검색 바로가기2) 행안부 기관코드검색 바로가기,1) http://www.g2b.go.kr/index.jsp2) https://www.code.go.kr/index.do,,,
녹색구매·제품정보,계정관리 및 로그인,(공공기관용)기관등록,로그인 시 기관조회 불가능(신규기관),"로그인 시 기관조회가 되지않는 신규기관의 경우, 기관등록신청을 진행해주세요.녹색구매정보시스템 접속→ [기관등록] 클릭 → 기관등록신청 진행",웹링크,바로가기,https://gd.greenproduct.go.kr:8447/web/orgn/organRegist.do,,,
녹색구매·제품정보,계정관리 및 로그인,(공공기관용)기관등록,로그인 시 기관조회 불가능(기관코드 변경),기관코드가 변경되어 로그인 시 기관조회가 되지 않는 경우는 기관정보 변경신청을 해주세요.녹색구매정보시스템에서 변경 전 기관명으로 로그인 → 기관/회원 탭 이동 → 기관정보 변경 신청해야 합니다.※ 기관코드는 동일하나 기관명만 변경된 경우 게시판 또는 유선 요청,전화걸기,바로전화,02-2284-1065,,,
녹색구매·제품정보,계정관리 및 로그인,(공공기관용)회원가입 및 로그인,녹색구매정보시스템 아이디 분실 시,"녹색구매정보시스템 아이디를 분실 하였을 경우 '기관담당자 검색 로그인' 기능을 이용하여 아이디를 찾을 수 있습니다.녹색구매정보시스템 접속 → [로그인] 클릭 → 기관담당자 검색 로그인 탭 → ""기관명""에 소속기관명 입력 → [돋보기] 클릭 → 팝업창에서 기관명 클릭 → 담당자 선택 후 비밀번호 입력하여 로그인",전화걸기,바로전화,02-2284-1065,,,
녹색구매·제품정보,계정관리 및 로그인,(공공기관용)회원가입 및 로그인,로그인 오류발생 시,로그인 오류 발생 시 대체 브라우저 사용 권장을 권장하고 있습니다.※ 대체 브라우저 사용 시에도 오류가 발생할 경우에는 아래 [바로전화] 버튼을 클릭하여  문의바랍니다.,전화걸기,바로전화,02-2284-1065,,,
녹색구매·제품정보,계정관리 및 로그인,(공공기관용)회원가입 및 로그인,담당자 변경 시 회원가입,"인사이동 등으로 담당자가 변경된 경우, 반드시 신규 담당자가 회원가입을 진행해야 합니다.",전화걸기,바로전화,02-2284-1065,,,
녹색구매·제품정보,계정관리 및 로그인,(공공기관용)회원가입 및 로그인,소속기관 변경 시 회원가입,"인사이동 등으로 소속기관이 변경된 경우,이전 소속기관으로 로그인하여 회원탈퇴 진행 → 현재 소속기관으로 회원가입하여 이용할 수 있습니다.",전화걸기,바로전화,02-2284-1065,,,
녹색구매·제품정보,계정관리 및 로그인,(업체용)회원가입 및 로그인,녹색제품 업체 회원가입,"별도 회원가입은 없으며, 환경표지인증시스템에서 사용하는 계정과 동일합니다.",,,,,,
녹색구매·제품정보,계정관리 및 로그인,(공공기관용)회원가입 및 로그인,회원탈퇴 방법,녹색구매정보시스템 접속 → 로그인 → 기관/회원 탭 이동 → 회원탈퇴,전화걸기,바로전화,02-2284-1065,,,
녹색구매·제품정보,(공공기관용)구매실적,실적제출 기타문의,"""구매실적 환경부 제출 완료"" 팝업창",최상위기관에서 하위기관을 포함한 합산실적을 환경부 제출한 상태이므로 기관에서 별도의 실적 제출을 진행하지 않아도 무방합니다.,전화걸기,바로전화,02-2284-1065,,,
녹색구매·제품정보,(공공기관용)구매실적,녹색구매인정요청,절차,녹색구매 인정요청은 다음과 같은 순서로 진행해야 합니다.녹색구매정보시스템 접속 → 로그인 → 실적수정 탭 이동→ 녹색구매 인정요청 메뉴 이동 후 증빙서류를 첨부하여 실적 인정요청,전화걸기,바로전화,02-2284-1065,,,
녹색구매·제품정보,(공공기관용)구매실적,녹색구매인정요청,필요증빙,"기존에 연계된 실적을 녹색구매로 인정받기 위해선 아래의 증빙서류를 포함하여 녹색구매 인정요청을 진행해야 합니다.1. 구매실적 수정요청 사유서2. 계약서3. 분할납품요구 및 통지서4. 납품확인서5. 검사검수요청서6. 기타 인정사유를 입증할 수 있는 서류※ 단, 신청하는 사유에 따라 필요한 증빙은 다를 수 있습니다. 요청하는 사유에 해당하는 증빙자료를 첨부하여 신청해야 합니다.",전화걸기,바로전화,02-2284-1065,,,
녹색구매·제품정보,(공공기관용)구매실적,실적제출 사유입력,증감사유 입력,"구매실적 최상위기관 제출 시, 전년도 구매실적 대비 30%이상 감소 또는 50%이상 증가한 경우에는 증감사유를 제출하도록 시스템 상 화면이 자동 전환되므로 해당되는 기관만 사유 작성 후 제출하면 됩니다.",전화걸기,바로전화,02-2284-1065,,,
녹색구매·제품정보,(공공기관용)구매실적,실적제출 사유입력,미구매사유 입력,"구매실적 최상위기관 제출 시,품목별 실적이 전년도 구매계획 대비 3%이상 저조한 경우에는 미구매 사유를 제출하도록 시스템상 화면이 자동 전환되므로 해당되는 기관만 사유 작성 후 제출하면 됩니다.",전화걸기,바로전화,02-2284-1065,,,
녹색구매·제품정보,(공공기관용)구매실적,신규실적추가요청,절차,신규실적 추가요청은 다음과 같은 순서로 진행해야 합니다.녹색구매정보시스템 접속 → 로그인 → 실적수정 탭 이동 → 신규실적 추가요청 메뉴 이동 후 증빙서류를 첨부하여 실적 추가요청,전화걸기,바로전화,02-2284-1065,,,
녹색구매·제품정보,(공공기관용)구매실적,신규실적추가요청,필요증빙,"중앙조달 외 기관에서 구매한 실적에 대해서 녹색구매 실적집계를 위해선 아래의 증빙서류를 포함하여 신규실적 추가요청을 진행해야 합니다.1. 구매실적 수정요청 사유서2. 계약서(구매요청서)3. 인증상표명이 명시된 세금계산서, 거래명세서4. 인증서(환경표지, GR, 저탄소제품)",전화걸기,바로전화,02-2284-1065,,,
녹색구매·제품정보,(공공기관용)구매실적,실적제출방법,(하위기관)구매실적 제출방법,녹색구매정보시스템을 이용하여 집계된 실적을 제출 할 수 있습니다.녹색구매정보시스템 접속 → 로그인 → 구매실적 탭 이동 → 최상위기관 제출 메뉴에서 [최상위기관 제출] 클릭,전화걸기,바로전화,02-2284-1065,,,
녹색구매·제품정보,(공공기관용)구매실적,실적제출방법,(최상위기관)구매실적 제출방법,"최상위기관에서는 다음의 순서로 구매실적을 제출해야합니다.1) 녹색구매정보시스템 접속 → 로그인 → 구매실적 탭 이동 → 최상위기관 제출 메뉴에서 [최상위기관 제출] 클릭2) 기관총계 및 환경부제출 탭 이동 → ""환경부 제출"" 클릭 시  하위기관을 포함한 합산실적 제출",전화걸기,바로전화,02-2284-1065,,,
녹색구매·제품정보,(공공기관용)구매실적,실적제출확인,하위기관 제출실적 확인방법,"녹색구매정보시스템을 통해 하위기관의 구매실적 제출여부를 확인할 수 있습니다.녹색구매정보시스템 접속 → 로그인 → 구매실적 탭 이동 → 기관총계 및 환경부제출 탭 이동 → ""구매실적 제출상태"" 확인",전화걸기,바로전화,02-2284-1065,,,
녹색구매·제품정보,(공공기관용)구매실적,조달실적예외요청,절차,조달실적 예외요청은 다음과 같은 순서로 진행해야 합니다.녹색구매정보시스템 접속 → 로그인 → 실적수정 탭 이동 → 기존실적 예외요청 메뉴 이동 후 증빙서류를 첨부하여 실적 예외요청,전화걸기,바로전화,02-2284-1065,,,
녹색구매·제품정보,(공공기관용)구매실적,조달실적예외요청,필요증빙,"기존 연계된 실적의 예외를 위해서는 아래의 증빙서류를 포함하여 조달실적 예외요청을 진행해야 합니다.1. 구매실적 수정요청 사유서2. 계약서3. 분할납품요구 및 통지서4. 그 외 예외사유를 입증할 수 있는 서류※ 단, 신청하는 사유에 따라 필요한 증빙은 다를 수 있습니다. 요청하는 사유에 해당하는 증빙자료를 첨부하여 신청해야 합니다.",전화걸기,바로전화,02-2284-1065,,,
녹색구매·제품정보,(공공기관용)구매계획,공표방법,구매계획 공표방법,"한국환경산업기술원의 승인된 계획을 공문시행하거나 또는 기관 홈페이지 게시한 후 해당 내역을 녹색구매정보시스템 ""구매계획공표"" 탭 → 계획공표입력 메뉴에서 입력하면 됩니다.※ 구매계획 공표는 최상위기관만 가능합니다.",전화걸기,바로전화,02-2284-1065,,,
녹색구매·제품정보,(공공기관용)구매계획,제출방법,제출방법(하위기관),녹색구매정보시스템을 이용하여 녹색제품 구매이행계획을 제출할 수 있습니다.녹색구매정보시스템 접속 → 로그인 → 구매계획 탭 이동 → 계획입력 메뉴에서 품목별 구매계획 수량 및 금액(원 단위) 작성 후 저장 → 제출(상위기관),전화걸기,바로전화,02-2284-1065,,,
녹색구매·제품정보,(공공기관용)구매계획,제출방법,제출방법(최상위기관),최상위 기관에서는 다음의 순서로 녹색제품 구매이행계획을 제출해야합니다.1) 녹색구매정보시스템 접속 → 로그인 → 구매계획 탭 이동→ 계획입력 메뉴 → 최상위기관 본청의 구매계획 작성 후 저장 → 등록2) 계획승인 및 반려 메뉴 이동 → 하위기관에서 제출한 계획 확인 후 승인3) 계획합산 및 제출 메뉴 이동 → 본청 및 하위기관의 계획 합산하기 →  저장 후 제출,전화걸기,바로전화,02-2284-1065,,,
녹색구매·제품정보,(공공기관용)교육,구매지침 교육,신청교육 취소,신청한 교육 취소를 원한다면 아래와 같이 이동하여 취소 할 수 있습니다.녹색구매정보시스템 접속 → [구매교육] 클릭 → 교육신청확인 클릭 → 휴대폰 본인인증 → 신청내역 조회 → 이전 신청한 교육 중 취소하고자 하는 교육을 선택하여 취소할 수 있습니다.,웹링크,바로가기,https://gd.greenproduct.go.kr:8447/web/educ/eduList.do,,,
녹색구매·제품정보,(공공기관용)교육,구매지침 교육,신청방법,"※ 교육신청이 가능한 시기(사전 공문시행)에 온라인 신청할 수 있습니다.녹색구매정보시스템 접속 → [구매교육] 클릭 → 원하는 교육(일자, 장소 등 확인) 선택 → 신청자 정보 입력(휴대폰 인증 필수)하여 신청할 수 있습니다.",웹링크,바로가기,https://gd.greenproduct.go.kr:8447/web/educ/eduList.do,,,
녹색구매·제품정보,(공공기관용)교육,구매지침 교육,이수증 출력(로그인 전),"녹색구매정보시스템에 로그인하지 않은 경우라면, 다음과 같이 녹색제품 구매지침 교육 이수증을 출력할 수 있습니다.녹색구매정보시스템 접속 → [구매교육] 클릭 → ""교육신청확인"" 클릭 → 휴대폰 본인인증 → 신청내역 조회→  이수한 교육 클릭 → 교육이수증 발급 버튼 클릭 → 교육설문조사 → 이수증 출력",웹링크,바로가기,https://gd.greenproduct.go.kr:8447/web/educ/eduList.do,,,
녹색구매·제품정보,(공공기관용)교육,구매지침 교육,이수증 출력(로그인 후),"녹색구매정보시스템에 로그인한 경우라면, 다음과 같이 녹색제품 구매지침 교육 이수증을 출력할 수 있습니다.녹색구매정보시스템 접속 → 로그인 → 교육/워크샵 탭 이동 → 교육신청 확인 메뉴에서 휴대폰 본인인증 → 신청내역 조회 → 이수한 교육 클릭 → 교육이수증 발급 버튼 클릭 → 교육설문조사 → 이수증 출력",전화걸기,바로전화,02-2284-1065,,,
녹색구매·제품정보,(공공기관용)교육,온라인 상시교육,신청방법,"※  교육신청이 가능한 시기(사전 공문시행)에 온라인 신청사이버환경실무교육(konetic.ecoedu.go.kr) 접속 → 로그인 후 상단의 [수강신청] 클릭 → ""기업단체위탁교육과정"" 클릭 → ""공공기관 녹색제품 의무구매제도 교육"" 신청 → 인증키(매월 공문시행 시 제공) 입력 후 신청",웹링크,바로가기,https://konetic.ecoedu.go.kr/web/main/layout.do,,,
녹색구매·제품정보,(공공기관용)교육,온라인 상시교육,회원가입 시 기관 조회 불가,사이버환경실무교육(konetic.ecoedu.go.kr) 회원가입 시 기관이 아닌 개인으로 가입해야합니다.,전화걸기,바로전화,02-2284-1065,,,
녹색구매·제품정보,(공공기관용)교육,온라인 상시교육,이수증 출력,온라인 상시교육 이수증 출력을 위해선 다음과 같이 이수증을 출력할 수 있습니다.사이버환경실무교육 접속 → 내강의실 → 종료과정 → 이수완료한 교육 옆에 [수료] 클릭 → 이수증 출력,전화걸기,바로전화,02-2284-1065,,,
녹색구매·제품정보,(업체용)제품연계,제품정보,녹색제품 제품정보 등록 방법,환경표지 인증받고나서 조달청과 연계하기 위해서 식별번호 등록을 해주셔야 해요. 등록하는 방법을 안내해 드릴게요.'인증기업용' 메뉴 이동 → 로그인 → 인증제품 정보란 정보수정 클릭 → 수정할 제품 선택 → 입력 후 승인요청,웹링크,바로가기,http://www.greenproduct.go.kr/web/square/communityDet.do,,,
녹색구매·제품정보,(업체용)제품연계,조달연계,조달청 연계 방법,녹색제품정보시스템 인증제품 정보수정 메뉴에서 조달청(나라장터)과의 연계키로 사용하는 G2B식별번호(8자리) 등록해주셔야 해요.,웹링크,바로가기,http://www.greenproduct.go.kr/web/square/communityDet.do,,,
녹색구매·제품정보,(업체용)제품연계,조달연계,조달청 연계 오류,"녹색제품정보시스템에서 식별번호 등록해야 연계되며, 조달청에 등록된 제품명과 환경표지인증서상 제품명이 동일해요.",웹링크,바로가기,http://www.greenproduct.go.kr/web/square/communityDet.do,,,
녹색구매·제품정보,(업체용)제품연계,조달연계,모델명 불일치,"같은 제품이나 불가피하게 모델명이 다른 경우, 제품 정보수정에서 승인요청해주시면 돼요.",웹링크,바로가기,http://www.greenproduct.go.kr/web/square/communityDet.do,,,
환경정보공개,검증위원,선발·위촉과정,환경정보 검증위원 선발 과정,한국환경산업기술원 홈페이지 또는 환경정보공개시스템을 통해 검증위원 선발공고가 게재됩니다. 검증위원 지원을 원하는 분은 신청서를 작성하여 환경정보공개시스템을 통해 신청서와 자격 및 경력사항에 대한 증빙자료를 제출하면 됩니다. 선발기준은 환경정보 공개제도 운영규정 제8조 또는 별표3을 준용합니다.,,,,,,
환경정보공개,검증위원,선발·위촉과정,환경정보 검증위원 현장확인 참여 조건,"검증위원으로 선발되면 기초교육과 보수교육을 이수한 뒤 평가에 합격한 뒤에 현장확인을 수행할 수 있습니다. 평가는 필기 60점, 실기 40점으로 이루어지며 총점 60점 이상, 과목별 50% 이상 득점시 합격하여 당해연도 현장확인에 참여할 수 있습니다.",,,,,,
환경정보공개,검증위원,선발·위촉과정,환경정보 검증위원 교육,"검증위원 교육은 크게 기초교육과 보수교육으로 나눌 수 있습니다. 기초교육은 온라인 학점이수제로 운영되며, 사이버환경실무교육 홈페이지에서 ""환경정보 검증위원 온라인 교육""을 수료하면 됩니다. 보수교육은 연 1회 대면교육 방식으로 운영되며, 검증기준 및 시스템 사용방법 등의 교육이 이루어집니다.",,,,,,
환경정보공개,검증위원,수행업무,선임 검증위원 업무,"선임 검증위원은 현장확인 전체를 책임지고 수행하게 되며, 현장확인 수행 이전에 사전검토서를 작성하고 일반 검증위원 작성내용과 취합하며, 현장확인 시 항목별 체크리스트를 작성하고, 현장확인 종료 후에는 현장확인 결과보고서를 작성 제출해야 합니다.",,,,,,
환경정보공개,검증위원,수행업무,선임/일반 검증위원 ,"환경정보 검증위원으로 선발되면 검증위원 ""후보""가 되며, 현장확인 수행 시 평가 80점 이상의 경우 ""일반""검증위원으로 최종 확정됩니다. 일반 검증위원으로 2년이상 활동하며 현장확인 20회 이상 수행시에는 선임검증위원으로 승격될 수 있습니다. ",,,,,,
환경정보공개,검증위원,수행업무,환경정보 검증위원 업무,"검증위원은 기업,기관이 등록한 정보의 검증을 위한 현장확인을 수행하게 됩니다. 기업에 직접 방문하여, 환경정보 공개시스템에 등록된 정보의 실제 운영여부를 확인하여 보고서를 작성하고, 수정이 필요한 정보는 기업이 직접 수정하도록 유도한 뒤, 정보의 적합여부를 검증해야 합니다.",,,,,,
환경정보공개,기타,교육,교육별 진행시기,"거점별 집합교육은 매년 6월초에, 현장맞춤형 교육과 1:1맞춤형 교육은 상시 진행하고 있습니다.",,,,,,
환경정보공개,기타,교육,교육 신청 방법,환경정보공개시스템(www.env-info.kr) 소통마당-교육신청 에서 교육일정 확인 후 신청해주시면 됩니다.,,,,,,
환경정보공개,기타,교육,교육비 지불 여부,현재까지는 무료로 진행되고 있으니 따로 지불하실 필요 없습니다.,,,,,,
환경정보공개,기타,교육,교육 종류,"거점별 집합교육, 현장맞춤형 교육, 1:1 맞춤형 교육이 있습니다.",,,,,,
환경정보공개,기타,비공개 신청,비공개 신청방법 및 절차,비공개 신청은 반드시 환경정보공개시스템에서 환경정보 등록 기한 내(매년 6월 말)에 환경정보 등록과 같이 해야 하며 신청서에 비공개 신청항목과 그 사유를 상세히 작성해주셔야 합니다. 환경정보 비공개 여부는 기업·기관에서 제출하신 서류와 소명발표를 기준으로 「환경정보공개제도 운영규정」제7조에 의거 관련 업계의 전문가로 구성된 비공개 심의 위원회의 심의 결과에 따라 최종 공개여부가 결정됩니다.,,,,,,
환경정보공개,기타,비공개 신청,비공개 신청시기,비공개심의 신청 기간은 환경정보 공개등록 기간과 동일한 매년 6월 30일까지입니다.,,,,,,
환경정보공개,기타,비공개 신청,비공개 신청 가능한 경우,「환경정보 공개제도 운영규정」 제14조에 따라 기업·기관의 공개 항목 중 영업비밀 등의 사유가 인정되는 정보는 비공개가 가능합니다.,,,,,,
환경정보공개,서류 및 현장검증,검증대상,현장검증 대상 기업·기관,"「환경기술 및 환경산업 지원법」제33조의14 제2항에 의거 현장검증을 진행하며, 내용은 다음과 같습니다.한국환경산업기술원장은 제1항에 따라 환경정보를 검증하기 위하여 환경정보검증시스템에 공개된 내용을 검토하되, 필요한 경우 현장 확인을 실시합니다. 모든 기업·기관은 현장검증의 대상이 될 수 있으지만 상장사 중심으로 현장검증을 진행하게 됩니다.",,,,,,
환경정보공개,서류 및 현장검증,검증대상,타 제도에서 검증된 정보도 검증 대상 포함,"타 제도에 의해 검증된 정보는 증빙서류를 제출하시면 갈음이 됩니다.(온실가스종합정보시스템, 올바로시스템 등)",,,,,,
환경정보공개,서류 및 현장검증,검증비용,환경정보 검증 시 기업 부담 비용,"검증은 한국환경산업기술원의 환경정보공개검증센터에서 담당하며, 정부예산으로 운영될 예정으로 기업이 부담하는 비용은 없습니다.?",,,,,,
환경정보공개,서류 및 현장검증,서류검증,서류검증은 누가,「환경기술 및 환경산업 지원법」제31조 제2항 제4호에 의거 검증기관인 한국환경산업기술원 환경정보검증센터에서 실시합니다.,,,,,,
환경정보공개,서류 및 현장검증,서류검증,서류검증의 법적 근거와 기준 및 방법,"「환경기술 및 환경산업 지원법」제33조의14 제1호에 의거 서류검증이 진행되고,정보의 적정성(의무 공개사항에 대한 누락 여부, 사업장 단위 작성 여부, 작성 내용의 진실 여부), 일관성(등록된 환경정보) 등의 여부로 판단합니다.",,,,,,
환경정보공개,서류 및 현장검증,현장검증,현장검증 시 준비자료,"현장검증 대상 기업·기관은 환경정보공개시스템에 입력한 환경정보를 증빙할 수 있는 근거자료를 준비하셔야 합니다. [예시] 예산규모(기관), 매출액(기업) : 해당연도 예산서 및 손익계산서 등",,,,,,
환경정보공개,서류 및 현장검증,현장검증,현장검증 위원 구성은,「환경정보공개제도 운영규정」 제7조(검증단의 구성 및 기능) 제1항에 의거 검증기관(기술원) 직원과 관련 자격을 갖춘 검증심사원 2명 이상으로 구성됩니다.,,,,,,
환경정보공개,서류 및 현장검증,현장검증,현장검증 진행 과정,"현장검증은 두 명 이상의 위원이 사업장에서 검증하는 과정으로 준비된 증빙자료를 토대로 내부문서와의 일치성(내부문서와의 비교 및 출처 확인), 환경정보 산출과정 타당성(환경오염물질 배출량, 용수·에너지 사용량 등 산출과정 타당성 확인) 등을 검증합니다.",,,,,,
환경정보공개,시상식,결과/포상,공모 결과 통보 방법,공모 결과는 담당자가 개별로 유선 연락드립니다.,,,,,,
환경정보공개,시상식,결과/포상,시상식 포상규모,"대상(1개사)과 우수상(5개사) 수상의 경우, 환경부 장관상이 주어지며,특별상(2개사) 수상의 경우에는 한국환경산업기술원장상이 수여됩니다.그리고 검증위원으로부터 추천받은 기업·기관 담당자 중 1인에게는 환경부표창장이 수여됩니다. 단, 포상규모는 서류·현장심사 및 공적심의 결과에 따라 변동가능 합니다.",,,,,,
환경정보공개,시상식,공모,시상식 공모서류 제출방식,"21년까지는 직접 방문 또는 우편 방식으로 공모를 받았으나, '22년부터는 환경정보공개시스템을 통해 공모받을 예정입니다.",,,,,,
환경정보공개,시상식,공모,시상식 공모 시기,매년 4월초~5월초에 공모를 받고 있습니다.,,,,,,
환경정보공개,시상식,공모,시상식 공모 자격제한,"환경정보공개 대상 기업·기관이라면 별도의 자격제한은 없으나, 최근 3년간 산업재해 공표 사업장 등 시상 제외 대상에 포함되는지 여부는 대외 배포용 안내서를 참고해주시기 바랍니다.",,,,,,
환경정보공개,시상식,공모,수상 기업·기관 재공모 가능,수상이력에 관련없이 환경정보공개 대상 기업·기관이라면 모두 공모하실 수 있습니다.,,,,,,
환경정보공개,시상식,평가,서류 평가 기준,"서류 심사에서는 환경정보공개시스템에 입력하신 정보를 바탕으로 시의성, 신뢰성, 적극성, 충실성, 사회성을 평가합니다. 한, 1인당 녹색구매 실적, 환경관련 법규위반 이력 등 가·감점 항목이 존재합니다.",,,,,,
환경정보공개,시상식,평가,평가 방식,"서류심사, 현장심사, 종합심사, 공적심의 순으로 평가가 진행되며, 서류심사에서 시상 후보로 선발된 기업·기관만 현장심사를 진행합니다.",,,,,,
환경정보공개,시스템 사용방법,담당자,본청(본사) 담당자가 사업장 담당 겸임 가능,총괄담당자 아이디로 접속하면 전 사업장의 환경정보 입력 및 수정이 가능합니다. 사업장담당자의 경우 관리대상 설정에서 여러 사업장의 권한을 부여하여 담당 겸임이 가능합니다.,,,,,,
환경정보공개,시스템 사용방법,담당자,담당자 ID 추가 방법,"총괄 담당자가 회원가입 신청 및 승인이 완료된 후, 사업장/담당자관리 → 담당자관리 → 담당자 등록 버튼을 클릭하여 생성합니다.",,,,,,
환경정보공개,시스템 사용방법,입력방법,"생산량, 매출액 단위 직접 입력 가능",생산량의 경우는 직접입력 가능하나 매출액의 경우는 '백만원' 단위로 고정되어 있습니다.,,,,,,
환경정보공개,시스템 사용방법,입력방법,다수 사업장 내 개별 사업장 시스템 등록 방법,"총괄담당자는 정보공개 대상 기업의 대표사업장 뿐 아니라, 각 사업장이 정보를 등록할 수 있도록 사업장담당자에게 개별 아이디와 비밀번호를 부여합니다.",,,,,,
환경정보공개,시스템 사용방법,회원가입,최초 기업·기관 가입 방법,환경정보공개시스템 첫 화면의 회원가입 - 법인사업자 버튼을 클릭하고 정보를 입력한 후 가입합니다. 가입완료 후 헬프데스크(02-2284-1980)로 전화하여 가입 승인을 받으면 로그인이 가능합니다.,,,,,,
환경정보공개,정보 등록방법,녹색경영 및 안전사고대응,녹색경영 비전/전략/목표/계획 기재 내용,"사업계획서, 녹색경영 매뉴얼, 환경보고서 등을 기준으로 자원·에너지 절감, 환경오염물질 저감, 온실가스 배출 저감, 녹색제품 생산 등 녹색경영을 위한 조직의 비전, 전략, 방침, 목표 수립 현황을 작성해주시면 됩니다. 그러나 예외적으로 자체적 수립이 없는 사업장의 경우에는 본청·본사의 정보를 작성하는 것도 가능합니다.",,,,,,
환경정보공개,정보 등록방법,녹색경영 및 안전사고대응,녹색경영 조직도 작성 내용,별도 녹색경영 조직이 있는 경우에는 해당 조직도를 작성해주시면 됩니다.그러나 녹색경영 전담조직이 없는 경우에는 환경이나 시설을 담당하는 조직을 기재하시면 됩니다.환경이나 시설 전담조직도 없는 경우에는 환경정보를 입력하는 담당자가 속해 있는 조직의 조직도를 작성하시면 됩니다.,,,,,,
환경정보공개,정보 등록방법,녹색경영 및 안전사고대응,녹색경영이란,기업·기관이 경영활동에서 자원과 에너지를 절약하고 효율적으로 이용하며 온실가스 배출 및 환경오염의 발생을 최소화하면서 사회적·윤리적 책임을 다하는 경영으로 저탄소 녹색성장 추진을 위해 사업자가 다해야 하는 책무를 말합니다.,,,,,,
환경정보공개,정보 등록방법,녹색경영 및 안전사고대응,내부 심사 실시 및 조치사항 기재 내용,내부 심사 실시 및 조치에는 기관 등이 수행하고 있는 녹색경영 실천계획의 달성 정도를 주기적으로 모니터링하는 환경 내부심사 정보를 기재해 주시면 됩니다.,,,,,,
환경정보공개,정보 등록방법,녹색경영 및 안전사고대응,환경안전사고 대응조직 작성 내용,환경안전사고 대응조직이란 환경사고나 안전사고 발생시 이에 대응하는 조직체계에 대해서 기재하는 것으로써 각 기업·기관의 소방방재팀 또는 비상연락체계 등이 여기에 포함됩니다.,,,,,,
환경정보공개,정보 등록방법,당해연도 계획,당해연도 계획 입력은 의무,녹색기업만 의무적으로 입력해주시면 됩니다.,,,,,,
환경정보공개,정보 등록방법,당해연도 계획,당해연도 계획 입력 시 당해연도 시점,"2020년도의 환경정보 입력 시, 당해연도 계획은 환경정보 공개 연도와 동일한 2020년도 계획(녹색경영보고서 수립계획 중 2020년도의 계획)을 입력을 하시면 됩니다.",,,,,,
환경정보공개,정보 등록방법,대기오염물질 배출량,대기오염물질 배출량 산출 방법,"대기오염물질 배출량은 평균 농도가 아닌 연간 배출한 대기오염물질의 배출총량을 계산하여 ton단위로 기재하셔야합니다. 산출식은 다음과 같습니다.※  대기오염물질 배출량(ton) = 배출가스 내 평균농도(g/m3) × 하루배출 가스량(m3/day) × 연간 가동일수(day/year) ÷1,000,000 (ton/g)",,,,,,
환경정보공개,정보 등록방법,사업현황,생산량/매출액/예산규모 입력 ,기업의 경우에는 생산량과 매출액을 기재합니다.해당 생산량이나 매출액을 위해 얼마만큼의 용수나 에너지를 사용했느냐를 원단위를 통하여 확인합니다.이와 같은 개념으로 공공기관의 경우에도 예산규모를 의무적으로 작성해주셔야 합니다.,,,,,,
환경정보공개,정보 등록방법,사업현황,교육서비스 분야 학생 수 기재 기준,대학 알리미(http://www.academyinfo.go.kr/) 기준으로 작성해주시면 됩니다.,,,,,,
환경정보공개,정보 등록방법,사업현황,인원산정 시점,인원산정의 시점은 해당연도의 연도 말을 기준으로 산정해주시면 됩니다.,,,,,,
환경정보공개,정보 등록방법,사업현황,본사/사업장 매출액 구분 기재 방법,"사업장에서 별도 판매하여 매출을 일으키는 경우를 제외하고는 매출액을 본사와 사업장을 구분기재하기 어렵습니다.이러한 경우 전체 매출액을 본사에 일괄기재하고 각 사업장에는 매출액을 ‘0’으로 기재하고 추가정보란에 관련사항을 기재하시면 됩니다.상기 사례의 경우와 반대로 사업장에서는 매출액이 있으나 본사에는 매출액이 없는 경우, 각 사업장별로 매출액을 기재하고 본사 매출액 란에는 ‘0’으로 기재 및 추가정보란에 기재하시면 됩니다.",,,,,,
환경정보공개,정보 등록방법,수질오염물질 배출량,수질오염물질 배출량 산출 방법,"수질오염물질의 배출량은 평균 농도가 아닌 연간 배출한 수질오염물질의 배출총량을 계산하여 ton단위로 기재하셔야합니다. 산출식은 다음과 같습니다.※ 수질오염물질 배출량(ton) = 배출폐수 내 평균농도(mg/L) × 하루배출 폐수량(L/day) × 연간 가동일수(day/year) ÷1,000,000,000 (ton/mg)",,,,,,
환경정보공개,정보 등록방법,실적입력,공공기관/지자체 환경법규 위반 현황 기재 시 유의사항,지자체는 타 사의 법 위반 실적(타 사업장 위반)을 기재하는 것이 아닌 지방자치단체 해당 청사가 환경법규를 위반한 실적을 기재하여야 합니다.,,,,,,
환경정보공개,정보 등록방법,실적입력,공공행정분야 녹색구매 실적 기재 방법,「녹색제품 구매촉진에 관한 법률」 제6조에 의거 공공기관 등은 녹색제품 구매가 의무화되어 있고 복사용지 등이 녹색제품에 대부분 포함되어 있어 해당 실적이 없을 가능성은 매우 낮습니다.다만 녹색구매 지침은 없는 경우가 있을 수 있는데 이 경우 「녹색제품 구매촉진에 관한 법률」 제7조에 의거 매년 환경부에서 해당 지침을 수립 통보하도록 되어 있어 상기 지침을 준수하시는 것으로 기재하시면 됩니다.,,,,,,
환경정보공개,정보 등록방법,실적입력,의무항목에 해당 사항 없는 경우,"해당사항이 없는 항목에 대해서는 생략할 수 있으나, <추가정보>란에? “________의 사유로 해당사항 없음” 등 상세한 현황 설명을 바랍니다.",,,,,,
환경정보공개,정보 등록방법,에너지 사용량,TOE란,"모든 에너지원을 석유의 발열량으로 환산한 것으로 석유환산톤을 말합니다.1TOE = 1,000만kcal에 해당하는데,각 에너지원의 단위(석유의 단위 : 배럴, 무연탄의 단위 : 톤, 가스의 단위 : 갤런 등)가 다르므로 이를 합계할 때는 통일된 단위가 필요하며 이를 위해 TOE의 개념이 사용됩니다.",,,,,,
환경정보공개,정보 등록방법,에너지 사용량,에너지원 TOE 환산 기준,에너지원을 TOE 단위로 환산하는 기준은 「에너지기본법 시행규칙」제5조에 의한 에너지열량환산 기준을 따릅니다.,,,,,,
환경정보공개,정보 등록방법,에너지 사용량,임차 건물 기업 배출량 산정 방법,"건물의 일부를 임차하여 사용하는 경우,? 계측기를 활용하여 개별 기업의 배출량을 산정하는 것이 기본 방침입니다. 계측기가 없는 경우, 전기 사용량 등 산정은 총 사용량을 면적 혹은 인원수로 나누어 사용량을 산출한 후,?추가정보란에 관련 증빙자료와 수치가 추정치임을 명시해주시면 됩니다.",,,,,,
환경정보공개,정보 등록방법,에너지 사용량,전력사용량 확인 방법,"전력사용량은 전기세 고지서를 확인하시거나, 한국전력공사에 문의하시면 확인이 가능합니다.또한, 온실가스목표관리제 대상 기업·기관의 경우에는 온실가스 명세서의 전력 사용량을 기준으로 작성해주셔야 됩니다. ※전력사용량 기재시 단위를 한번 더 확인해주십시오.",,,,,,
환경정보공개,정보 등록방법,에너지 사용량,항목 외 기타에너지원 입력 방법,기타에너지원의 경우에는 TOE 단위로 환산된 값을 작성해주셔야 합니다.다양한 기타에너지원을 사용하는 경우에는 계산기 기능을 활용하여 TOE 단위로 환산한 후 합산한 수치를 기재해주십시오.,,,,,,
환경정보공개,정보 등록방법,용수 사용량,상하수도처리를 위한 용수량,상하수도처리를 위해 반입되는 용수량은 원료사용량의 개념으로 용수사용량에 포함하시면 안 됩니다. 사무실 등에서 사용하는 생활용수량을 작성해주셔야 합니다.,,,,,,
환경정보공개,정보 등록방법,용수 사용량,용수사용량 확인 방법,용수사용량은 수도세 고지서에서 확인이 가능합니다.만약 고지서를 분실한 경우에는 각 기업·기관이 속해있는 지역을 관할하는 상하수도 사업소(관리센터)에 용수사용량을 문의하시면 됩니다.,,,,,,
환경정보공개,정보 등록방법,원부자재 사용량,여러 종류 원부자재 사용 시 작성 방법,"주사용 원료는 원재료 구성비 70% 이상의 원료(부자재)를 말하는 것이며, 2개 이상의 원료를 입력하실 때에는 “추가”버튼을 클릭하여, 입력해 주셔야 합니다. 주원료 사용량은 기업 전체에서 사용하는 원료의 사용량을 표기하는 것이 아니라, 주원료(원재료 구성비 70%이상의 원료)의 사용량만 입력합니다.",,,,,,
환경정보공개,정보 등록방법,폐기물 발생량,올바로시스템의 수치 작성시 유의사항,"올바로시스템은 지정폐기물의 적법 처리를 관리하는 시스템으로 고철, 폐지 등은 자체적으로 등록시켜야지 관리할 수 있는 품목으로 고철, 폐지 등의 품목을 올바로시스템에 등록시키지 않았다면 올바로시스템의 발생량이 상이할 수 있습니다.",,,,,,
환경정보공개,정보 등록방법,폐기물 발생량,용역업체·관리인이 폐기물 수거 시 발생량 산출 방법,"용역업체 또는 건물 관리소 측에 문의를 하셔야하는데, 해당 기업·기관의 폐기물이 아닌 건물 전체의 폐기물발생량밖에 알아낼 수 없다면 아래와 같은 방법으로 산출하여 작성해주십시오.※ 폐기물발생량(ton)=건물전체발생량(ton)×해당기업·기관 면적(구성원수)÷건물 전체 면적(구성원수)",,,,,,
환경정보공개,정보 등록방법,폐기물 발생량,종량제 봉투 폐기물 발생량 산출 방법,"종량제 봉투는 ℓ(리터) 단위를 사용하므로 ton단위로 환산·기재하여야 하나,종량제 봉투에 담는 대부분의 사업장폐기물 비중은 대부분 1보다 낮으므로 1ℓ=1㎏으로 환산하시면 안됩니다.참고로 「쓰레기 수수료 종량제 시행지침」에 따르면?생활 폐기물 비중은 0.25이하로 정의하고 있어?생활 폐기물과 성상이 비슷한 경우 폐기물 비중을 0.25을 적용하여 추정치를 산출하면 됩니다. ※ 폐기물발생량(ton)=종량제 봉투 부피(ℓ/장)×연간 종량제 봉투사용량(장) X 0.25(kg/ℓ) / 1,000(kg/ton)",,,,,,
환경정보공개,정보 등록방법,폐기물 발생량,폐기물 재활용량을 발생량에 포함 ,재활용이 될 수 있는 폐기물도 역시 발생한 폐기물이기 때문에 폐기물 재활용량은 폐기물 발생량 안에 포함되어야 합니다.,,,,,,
환경정보공개,정보 등록방법,폐기물 발생량,일반폐기물과 지정폐기물이란,환경정보공개제도에서는 일반폐기물 발생량과 지정폐기물 발생량을 구분하여 기재토록 되어 있는데“일반폐기물”은 「폐기물 관리법」제2조 제2호 및 제3호에 따른 생활 또는 사업장에서 발생하는 폐기물을 기재하면 되고“지정폐기물”은 「폐기물 관리법」제2조 4호에 따라 폐유·폐산 등 주변 환경을 오염시킬수 있거나 인체에 위해를 줄 수 있는 폐기물을 기재하시면 됩니다.,,,,,,
환경정보공개,정보공개,기타,정보공개 시 기업·기관에 혜택,"환경정보를 충실히 이행한 기업을 선정하여 언론, 지면등에 적극 홍보하고 정부 포상을 수여할 예정입니다.",,,,,,
환경정보공개,정보공개,기타,공개 환경정보 기준년도,환경정보 등록(6월까지 전년도 정보 등록) 및 검증(등록 완료 후 12월까지)과정에 따른 소요기간으로 인해 매년 12월에 공개되는 환경정보는 전년도 정보입니다.,,,,,,
환경정보공개,정보공개,기타,정보공개 불이행 기업이 받는 불이익,「환경기술 및 환경산업 지원법」제37조제1항에 의거 법 제16조의8 제1항을 위반하여 환경정보를 공개하지 않거나 법 제16조의9 제2항에 따른 환경정보의 수정요청에도 불구하고 환경정보를 수정하지 않은 경우 300만 원 이하의 과태료가 부과 됩니다.,,,,,,
환경정보공개,정보공개,기타,환경정보 공개의 기대 효과,"「환경기술 및 환경산업 지원법」개정·시행(2011년)에 따라 환경정보를 대국민 공개함으로써 기업·기관의 환경경영 활동에 대한 대국민과의 소통 채널을 마련했습니다. 대국민 소통뿐 아니라 용수·에너지·폐기물 원단위 감소, 환경보고서 발간 등 기업·기관의 자율적 환경관리 구축 및 강화에 기여합니다.",,,,,,
환경정보공개,정보공개,기타,기업 기밀 노출 관련 항목,"환경정보공개항목은 법 제16조의8에 규정한 내용을 구체화한 것으로 국내/외 사례 분석 및 기업의?의견수렴을 거쳐 최종 선정된 것입니다.전 의무항목을 공개하는 것을 원칙으로 하되, 비공개 요청 및 심사체계 운영을 통해 기밀 노출위험을 해소하는 중입니다.",,,,,,
환경정보공개,정보공개,기타,당해연도 합병 회사 환경 정보 공개 방법,환경정보 공개는 합병 전 두 회사 각각의 환경정보와 합병 이후 정보를 합산하여 작성·공개해야 합니다.,,,,,,
환경정보공개,정보공개,대상범위,1차 소속기관의 정의와 범위,"1차 소속기관이란 본사·본청 하위의 직속기관 또는 사업소를 말합니다.지방자치단체(시·군·구)의 경우 읍·면·동사무소가 직속기관이라면 읍·면·동사무소까지 환경정보 작성·공개해야 하며,본청에 소유권이 있는 사업장(민간에게 위탁한 사업장 포함) 등도 환경정보 공개 대상에 포함됩니다.",,,,,,
환경정보공개,정보공개,대상범위,공공기관의 환경정보공개 대상,"공공기관의 본부(본청)와 그 소속기관은 하나의 대상기관으로 간주되며, 환경정보 입력시 본부(본청)와 그 소속기관은 개별적으로?ID발급 후?환경정보를 입력해야 합니다.그러나 공공기관의 산하기관은 별도의 대상기관으로 간주되어 정보공개를 개별적으로?수행해야 합니다.?또한, 공공기관은 온실가스 목표관리제와?대상범위가?다를 수?있습니다.",,,,,,
환경정보공개,정보공개,대상범위,정보공개 대상범위 제외 기관,"국방, 보안, 치안 등을 위한 공공시설 등은 환경정보공개 대상에서 제외할 수 있습니다. 다만, 해당 경우에는 증빙서류를 제출하셔야 합니다.",,,,,,
환경정보공개,정보공개,대상범위,폐업 및 부도처리 기업의 환경정보공개 의무,해당 지역 관할 세무서에서 사업장 폐업 증명서 또는 부도사실 증명서 등을 발급받아 환경정보검증센터(env-info@keiti.re.kr)으로 보내주시면 환경정보공개 대상기업에서 제외 가능합니다.???,,,,,,
환경정보공개,정보공개,대상범위,본사가 소량배출 사업장일 때 공개 대상 제외 가능,법인단위로 공개하는 기업 중 본사는 온실가스 배출량 및 에너지 소비량과 상관없이 무조건 공개대상이 됩니다. 그러나 소속 사업장이 소량배출사업장(온실가스 배출량 3kilotonnes CO2-eq 미만과 에너지 소비량 55terajoules 미만에 모두 해당 되는 경우)에 해당되는 경우 환경정보공개 대상에서 제외됩니다.,,,,,,
환경정보공개,정보공개,대상범위,온실가스 목표관리제 사업장 단위 지정 시 모든 사업장 등록 필수,온실가스 목표관리 지정 사업장만 환경정보 공개 대상에 해당됩니다.,,,,,,
환경정보공개,정보공개,대상범위,공공기관 대상 중 제외 가능 대상,「환경기술 및 환경산업 지원법 시행령」제22조의9 제3호에 따르면 「공공기관의 운영에 관한 법률」제4조에 따라 지정된 기관(공공기관)은 정원 수와 상관없이 환경정보 공개 대상입니다. 그러나 「공공기관의 운영에 관한 법률」제5조 제4항에 따른 기타공공기관으로서 직원의 정원이 100명 미만인 기관은 환경정보 공개 대상에서 제외됩니다.,,,,,,
환경정보공개,정보공개,대상범위,지방이전 대상 공공기관도 환경정보공개 대상,"지방이전과 상관없이 해당연도의 환경정보를 공개하여야 하며, 해당연도 중간에 이전을 한 경우에도 이전 전·후의 환경정보를 작성·공개 하여야 합니다.",,,,,,
환경정보공개,정보공개,대상범위,환경정보공개 해당연도에 미완공 사업장도 대상에 포함,기존 사업장의 확장 또는 증축 공사였던 경우는 공개 대상이나 공개 해당연도에 신규 건설 중이었던 사업장은 제외 가능합니다.,,,,,,
환경정보공개,정보공개,대상범위,환경정보공개 대상 제외 기준,"법인내 소속사업장 및 공공기관 1차 소속기관의 경우 온실가스 배출량 3kilotonnes CO2-eq 미만과 에너지 소비량 55terajoules 미만에 모두 해당 되는 경우 제외할 수 있습니다. 공공기관은 다음의 경우에 추가로 제외 가능합니다. 1. 「건축법 시행령」별표1의 제1호 및 제2호 가목부터 다목까지의 주택 2. 연면적 100㎡ 이하 소규모 건물 3. 1년 미만 기간의 임차시설 4. 유치원, 초등학교, 중학교 및 고등학교 5. 교정, 소년보호시설, 외국인보호소 및 치료감호소 6. 노인·아동·장애인·부랑인·노숙인 복지시설, 영유아 보육시설",,,,,,
환경정보공개,정보공개,대상범위,음식폐기물 위탁처리 시 폐기물 발생량에 포함,음식폐기물도 폐기물에 해당되므로 폐기물발생량에 포함시킵니다. 다만 재활용되는 경우 재활용량에 포함하여 기재하시면 됩니다.,,,,,,
환경정보공개,정보공개,대상범위,환경정보 의무 공개 대상은,"중앙행정기관, 지방자치단체, 공공기관(일부), 국·공립대학, 지방공사·공단, 온실가스·에너지 목표관리업체, 녹색기업 등입니다.",,,,,,
환경정보공개,정보공개,대상범위,대표사업장의 환경정보 등록 책임 범위,"환경정보는 대표사업장 및 소속기관·사업장에서 각각 작성 하지만, 공개는 대표사업장에서 최종 검토하여 공개하는 것이므로 대표사업장에서 소속기관·사업장의 환경정보를 취합 및 검토의 책임이 있습니다.",,,,,,
환경정보공개,정보공개,제도 안내 및 절차,환경정보공개제도란,"「환경기술 및 환경산업 지원법」 제16조의 8에 따라, 국민의 알권리 충족과 자발적 환경경영 확산을 목적으로 의무 공개대상 기업·기관이 등록한 환경경영 현황 등의 정보를 일반에 공개하는 제도입니다.",,,,,,
환경정보공개,정보공개,제도 안내 및 절차,환경정보 공개 항목,"환경경영 추진체계, 자원(에너지 등)사용량·절감 실적, 환경오염물질 배출량·저감 실적, 환경법규 준수 여부 등 27개 항목이며, 기관유형에 따라 총 공개항목수와 의무/자율여부가 다릅니다.",,,,,,
환경정보공개,정보공개,제도 안내 및 절차,환경정보 항목 비공개,「환경기술 및 환경산업 지원법」제16조의8 제1항에 의거 「부정경쟁방지 및 영업비밀보호에 관한 법률」 제2조제2호에 따른 영업비밀에 해당하는 환경정보는 정보공개 대상에서 제외됩니다.,,,,,,
환경표지인증,갱신신청,가능여부,인증기간 이후 갱신 가능,"인증기간이 종료되면 갱신은 불가하며, 필요시 신규로 진행하셔야 합니다.",웹링크,바로가기,http://elms.keiti.re.kr,전화걸기,바로전화,1577-7360
환경표지인증,갱신신청,가능여부,환경관련법규 위반 시에도 갱신 가능,"인증기간 동안 공장소재지에 환경관련법규 관련해서 위반사실이 있으면 갱신 신청이 안됩니다. 단, 위반 사실이 있더라도 해당 사항에 대한 조치(행정처분 등)를 완료하였고 재발방지대책 등을 수립한 경우 신청하실 수 있습니다. ",웹링크,바로가기,http://elms.keiti.re.kr,전화걸기,바로전화,1577-7360
환경표지인증,갱신신청,신청방법,갱신 검증 방법,갱신 검증은 서류검증/현장검증으로 진행합니다. · 신청서 접수기점으로 인증기준 개정사항이 없으면 서류검증으로 갱신 진행 · 신청서 접수기점으로 인증기준 개정사항이 있거나 재갱신일 경우 현장 검증으로 갱신 진행,웹링크,바로가기,http://elms.keiti.re.kr,전화걸기,바로전화,1577-7360
환경표지인증,갱신신청,신청방법,갱신 접수 기한,"인증기간 종료 전에 갱신된 인증서가 발급되어야 하므로, 인증기간 종료 180일부터 90일 전까지 기간연장 신청서를 제출해야합니다.",웹링크,바로가기,http://elms.keiti.re.kr,전화걸기,바로전화,1577-7360
환경표지인증,갱신신청,신청방법,갱신업무 절차,갱신 신청서 작성/접수 → 신청수수료 안내(현장검증 유/무 안내) → 서류검증 / 현장검증 → 시험성적서 수령 → 인증심의위원회 심의 → 심의결과 통보 → 사용료 납부 → 인증서 교부 → 환경표지 사용,웹링크,바로가기,http://elms.keiti.re.kr,전화걸기,바로전화,1577-7360
환경표지인증,갱신신청,신청방법,갱신 신청 방법,"환경표지 갱신 신청은 환경표지 온라인 신청시스템(http://elms.keiti.re.kr)에 접속하여 회원가입 후 신청가능하고, 환경표지 홈페이지(http://el.keiti.re.kr)에서 환경표지 갱신신청서를 다운로드하여 갱신신청서 작성 후 관련자료(사업자등록증 사본, 공장등록증 사본, 인증서 사본, 제품관련 자료들)와 함께 제출해주시면 됩니다.",웹링크,바로가기,http://elms.keiti.re.kr,전화걸기,바로전화,1577-7360
환경표지인증,갱신신청,신청방법,갱신 신청 시 현장심사 재실시,최초 신규 인증취득 후 2번째 갱신은 신규 인증신청과 동일하게 현장심사 절차가 이뤄집니다.,웹링크,바로가기,http://elms.keiti.re.kr,전화걸기,바로전화,1577-7360
환경표지인증,기타,계정분실,아이디와 비밀번호 분실 시,"환경표지 온라인 신청 시스템(http://elms.keiti.re.kr)에 아이디/비밀번호 찾기 → 실명인증 접속 후 찾기가 가능합니다. 단, 본인이 아닌 경우에는 확인이 불가합니다. 아이디 및 비밀번호 확인과 관련하여 문의사항이 있으신 경우에는 환경마크 인증 상담센터로 연락주시면 도움 받으실 수 있습니다.",웹링크,바로가기,http://elms.keiti.re.kr,전화걸기,바로전화,1577-7360
환경표지인증,기타,시험 성적서 인정 기준,기존 시험성적서 인정 가능,인정되지 않습니다. 인증담당자가 채취한 시료로 시험의뢰한 시험성적서만 인정됩니다. 실태조사 결과 총70점 이상을 획득한 경우에는 향후 4년간 현장심사 및 램덤샘플링을 생략하고 공인 시험ㆍ검사기관의 성적서(신청일로부터 1년 이내)가 인정됩니다. 이 경우 반드시 성적서의 제품명과 인증 신청 제품명은 동일해야 합니다.,웹링크,바로가기,http://elms.keiti.re.kr,전화걸기,바로전화,1577-7360
환경표지인증,기타,인증기준 제·개정,환경표지 및 인증기준 외 제품일 때,해당제품에 대한 인증기준 개발 대상품목으로 제안하시거나 현행 기준의 개정 제안이 가능합니다. 환경표지 대상제품 및 인증기준 제·개정 업무는 환경표지혁신실에서 담당하고 있습니다. 해당 부서를 통하여 기준 개발 대상 품목 여부 및 기준 개발에 관한 상담을 통해 진행가능합니다.,웹링크,바로가기,https://www.keiti.re.kr,전화걸기,바로전화,02-2284-1518
환경표지인증,기타,조달 연계,조달청 환경마크 부착 방법,"환경마크 인증제품은 녹색제품정보시스템(http://www.greenproduct.go.kr)에 등록되게 되며 녹색제품정보시스템은 조달청과 연동되어 있습니다. 해당 부분에 대한 업무는 환경지식정보실에서 담당 하고 있으며, 기타 문의사항은 녹색제품정보시스템 고객센터(1544-2660)로 문의하시면 안내를 받으실 수 있습니다.",웹링크,바로가기,http://www.greenproduct.go.kr,전화걸기,바로전화,1544-2660
환경표지인증,기타,조달 연계,조달청 등록명 불일치로 나라장터 환경마크 삭제 시,조달청에 등록된 사항에 따라서 환경마크 인증제품명과 조달청에 등록된 제품명이 다른 경우 나라장터에 환경마크가 표시되지 않습니다. 이 경우 환경마크 인증 신청 시스템을 통해 변경 상표명 변경을 신청해 주셔야 하며 변경 완료 후 나라장터에 환경마크가 표시될 수 있습니다.,웹링크,바로가기,http://elms.keiti.re.kr,전화걸기,바로전화,1577-7360
환경표지인증,기타,환경법규 위반 조회,환경관련법규 위반 조회 방법,"갱신 신청의 경우, 인증기간 3년 동안의 환경법규위반 여부를 조회하여야 하며, 공장 및 배출시설이 등록되어있는 지자체의 환경관련부서에 공문으로 요청하시면 됩니다.",웹링크,바로가기,http://elms.keiti.re.kr,전화걸기,바로전화,1577-7360
환경표지인증,변경신청,가능여부,신규/갱신 진행 중 제품명 및 상호 변경 가능,신규 또는 갱신 인증 진행 중 제품관련 변경은 불가합니다. 신규 또는 갱신 인증 완료 이후에 변경이 가능합니다.,웹링크,바로가기,http://elms.keiti.re.kr,전화걸기,바로전화,1577-7360
환경표지인증,변경신청,신청방법,회사 합병 인수 시 신청방법,"환경표지 홈페이지(http://el.keiti.re.kr) 홈 → 정보마당 → 서식 → 환경표지 인증내역 변경신청서를 다운로드하여 작성 후 변경신청서와 첨부자료(사업자등록증 사본, 인증서 원본, 인수?합병 관련 계약서 등의 자료)를 같이 제출하시면 됩니다.",웹링크,바로가기,http://elms.keiti.re.kr,전화걸기,바로전화,1577-7360
환경표지인증,변경신청,신청방법,제품명 변경 시 신청방법,"환경표지 홈페이지(http://el.keiti.re.kr) 홈 → 정보마당 → 서식 → 환경표지 인증내역 변경신청서를 다운로드하여 작성 후 변경신청서와 첨부자료(사업자등록증 사본, 공장등록증 사본, 인증서 원본, 제품관련 카달로그 및 설명서)를 같이 제출하시면 됩니다.",웹링크,바로가기,http://elms.keiti.re.kr,전화걸기,바로전화,1577-7360
환경표지인증,변경신청,신청방법,공장소재지 변경 시 신청방법,"환경표지 홈페이지(http://el.keiti.re.kr) 홈 → 정보마당 → 서식 → 환경표지 인증내역 변경신청서를 다운로드하여 작성 후 변경신청서와 첨부자료(사업자등록증 사본, 공장등록증 사본, 인증서 원본, 제품관련 카달로그 및 설명서, 환경법규위반 여부 확인 공문)를 제출하시면 됩니다.",웹링크,바로가기,http://elms.keiti.re.kr,전화걸기,바로전화,1577-7360
환경표지인증,변경신청,신청방법,"상호, 사업자, 대표자, 소재지 변경 시 신청방법","환경표지 홈페이지(http://el.keiti.re.kr) 홈 → 정보마당 → 서식 → 환경표지 인증내역 변경신청서를 다운로드하여 작성 후 변경신청서와 첨부자료(사업자등록증 사본, 인증서 원본)를 같이 제출하시면 됩니다.",웹링크,바로가기,http://elms.keiti.re.kr,전화걸기,바로전화,1577-7360
환경표지인증,변경신청,신청방법,변경 처리 소요 기간,"단순변경(사업자주소, 대표자변경, 업체명변경)은 환경표지 인증내역 변경신청서 수령 후 7일 이내에 처리 됩니다.",웹링크,바로가기,http://elms.keiti.re.kr,전화걸기,바로전화,1577-7360
환경표지인증,수수료 및 사용료,결제 및 납부방법,수수료와 사용료 결제방법,"결제 방법으로는 카드결제, 실시간계좌이체, 가상계좌 입금이 있으며, 해당 결제는 환경표지 온라인 신청 시스템(http://elms.keiti.re.kr)을 통해서만 결제가 가능합니다.",웹링크,바로가기,http://elms.keiti.re.kr,전화걸기,바로전화,1577-7360
환경표지인증,수수료 및 사용료,결제 및 납부방법,수수료와 사용료 납부방법,환경표지 온라인 신청 시스템(http://elms.keiti.re.kr)에 접속 → 로그인 → 입금처리 → 조회 접속하시면 결제진행이 가능합니다. (환경표지 온라인 신청시스템 매뉴얼 참조),웹링크,바로가기,http://elms.keiti.re.kr,전화걸기,바로전화,1577-7360
환경표지인증,수수료 및 사용료,결제 및 납부방법,사용료 분할납부 가능,연간 사용료가  200만원 이상일 경우[약정기간(3년)동안의 사용료가 600만원이상일 경우] 2회 분할납부가 가능합니다. 분할납부 방법은 사용료의 반액을 1차 납부하고 약정기간의 1년 이내에 나머지 반액에 대하여 2차 납부하여야 하며 납부를 하지 않은 경우 인증이 종료 됩니다.,웹링크,바로가기,http://elms.keiti.re.kr,전화걸기,바로전화,1577-7360
환경표지인증,수수료 및 사용료,결제 및 납부방법,사용료 납부 기한/연장 가능,"사용료는 통보일로부터 2개월 이내에 납부하셔야 하며, 동 기간까지 납부하지 않을 경우 환경표지 인증 계약체결 의사가 없는 것으로 판단하여 환경표지 사용 승인이 취소됩니다. 단, 사용료 납부가 불가한 사유 발생시, 사용료 납부 연장 신청을 통해 1회에 한하여 납부기간을 15일간 연장할 수 있습니다. ",웹링크,바로가기,http://elms.keiti.re.kr,전화걸기,바로전화,1577-7360
환경표지인증,수수료 및 사용료,결제 및 납부방법,신청수수료 분할납부 가능,신청수수료는 분할납부가 안됩니다.,웹링크,바로가기,http://elms.keiti.re.kr,전화걸기,바로전화,1577-7360
환경표지인증,수수료 및 사용료,결제 및 납부방법,신청수수료 납부기한 연장 가능,신청수수료의 경우 입금 기한 7일내에 입금 못한 경우 접수담당자(1577-7360)에게 연락하시면 해당 비용을 납부하실 수 있도록 도와드리고 있습니다.,웹링크,바로가기,http://elms.keiti.re.kr,전화걸기,바로전화,1577-7360
환경표지인증,수수료 및 사용료,기타,사용료 입금 시 세금계산서 발급 가능,사용료 입금내역 확인 후 담당자 전자메일로 발송됩니다. 자세한 사항은 환경표지 접수처로 연락주시기 바랍니다.,웹링크,바로가기,http://elms.keiti.re.kr,전화걸기,바로전화,1577-7360
환경표지인증,수수료 및 사용료,기타,사용료 확인 방법,"환경표지 인증심의결과는 공문으로 등기우편으로 보내드리며, 해당 결과 공문에서 사용료 확인이 가능합니다.",웹링크,바로가기,http://elms.keiti.re.kr,전화걸기,바로전화,1577-7360
환경표지인증,수수료 및 사용료,기타,사용료 경감제도,중소·영세업자에 대하여 사용료에 대하여 경감을 해드립니다. · 전년도 업체 총매출액이 30억원 미만 사업자 : 연간사용료 30% 경감  · 전년도 업체 총매출액이 10억원 미만 사업자 : 연간사용료 50% 경감 ※ 전년도(1년) 부가가치세과세표준증명원 제출 필요,웹링크,바로가기,http://elms.keiti.re.kr,전화걸기,바로전화,1577-7360
환경표지인증,수수료 및 사용료,기타,신청수수료 입금 시 세금계산서 발급 가능,신청수수료 입금내역 확인 후 담당자 전자메일로 발송됩니다. 자세한 사항은 환경표지 접수처로 연락주시기 바랍니다.,웹링크,바로가기,http://elms.keiti.re.kr,전화걸기,바로전화,1577-7360
환경표지인증,수수료 및 사용료,기타,신청수수료 경감제도,"신청제품수에 따라 신청수수료 중 기본수수료에 대하여 경감을 해드립니다. · 1~10개 제품 : 제품수 × 50,000원 (경감 없음) · 11~50개 제품 : 10개 이상 제품수 × 35,000원/제품 (30% 경감에 해당) · 51~100개 제품 : 50개 이상 제품수 × 25,000원/제품 (50% 경감에 해당)",웹링크,바로가기,http://elms.keiti.re.kr,전화걸기,바로전화,1577-7360
환경표지인증,수수료 및 사용료,인증비용 정보,사용료는 얼마,환경표지 홈페이지(http://el.keiti.re.kr) 홈 → 정보마당 → 비용납부 정보 내용을 참고해주시기 바랍니다.,웹링크,바로가기,http://elms.keiti.re.kr,전화걸기,바로전화,1577-7360
환경표지인증,수수료 및 사용료,인증비용 정보,파생제품등록 수수료,파생제품등록의 경우 제품당 5만원(부가가치세 별도) 입니다. ,웹링크,바로가기,http://elms.keiti.re.kr,전화걸기,바로전화,1577-7360
환경표지인증,수수료 및 사용료,인증비용 정보,변경 수수료는 얼마,"환경표지 인증내역 변경 신청의 경우 수수료는 인증서 수, 제품 수, 기타 사항의 건 수와 상관없이 신청 시 5만원(부가세 10% 별도)이 부과됩니다. 다만, 단순변경(사업자주소, 대표자변경, 업체명변경)의 경우 수수료가 없습니다.",웹링크,바로가기,http://elms.keiti.re.kr,전화걸기,바로전화,1577-7360
환경표지인증,수수료 및 사용료,인증비용 정보,신청수수료(신규/갱신)는 얼마,"신청수수료는 기본 수수료, 인증 심사비, 출장비의 총액으로 산정됩니다. · 기본 수수료 : 50,000원/제품  · 인증심사비 : 접수 건 당 약 52만원 (엔지니어링사업대가기준에 따름) · 출장비 : 생산 공장까지 경비 (공무원 여비기준에 따름)  * 현장심사가 제외되는 갱신 건의 경우, 산정시 출장비 제외",웹링크,바로가기,http://elms.keiti.re.kr,전화걸기,바로전화,1577-7360
환경표지인증,수수료 및 사용료,인증비용 정보,환경표지인증 관련 비용 종류,"신청수수료, 시험 비용, 사용료가 있으며 각각의 비용은 다음과 같습니다. · 신청수수료 : 서류 신청에 소요되는 비용 · 시험비용 : 시험기관에 납부하는 비용(자세한 비용은 시험기관에 문의) · 사용료 : 심의결과 승인된 제품에 부과되는 비용",웹링크,바로가기,http://elms.keiti.re.kr,전화걸기,바로전화,1577-7360
환경표지인증,인증결과,시험성적서,인증된 제품 시험성적서 사본 발급 가능,공문으로 요청하시면 시험성적서 사본을 우편이나 팩스로 송부 해드립니다. 시험성적서 원본은 심의 종료 후 등기우편을 통해 발송드리고 있습니다. 원본을 받지 못하신 경우 담당 심사원에게 문의하시면 확인하여 처리해 드리고 있습니다. ,웹링크,바로가기,http://elms.keiti.re.kr,전화걸기,바로전화,1577-7360
환경표지인증,인증결과,심의결과,최종 심의결과 언제 확인,심의결과는 심의 후 3일 이내에 휴대전화 문자(신청자 번호로 발송) 또는 환경마크 인증시스템 로그인을 통해 확인하실 수 있습니다.,웹링크,바로가기,http://elms.keiti.re.kr,전화걸기,바로전화,1577-7360
환경표지인증,인증결과,심의결과,결과공문 확인 방법,별도의 결과공문을 발송드리고 있지 않습니다. 심의 결과에 대한 내용은 환경마크 인증 신청 시스템에 로그인하셔서 결과통보문을 별도로 열람하거나 출력하실 수 있습니다. 신청 제품이 부결로 통보된 경우에는 부결통보문을 통해 부결 사유 등을 확인하실 수 있습니다. ,웹링크,바로가기,http://elms.keiti.re.kr,전화걸기,바로전화,1577-7360
환경표지인증,인증결과,인증서 발급,영문인증서 발급 가능,가능합니다. 환경마크 인증시스템 영문인증서 신청 단을 이용하셔서 온라인으로 영문인증서 발급 신청을 하실 수 있습니다. ,웹링크,바로가기,http://elms.keiti.re.kr,전화걸기,바로전화,1577-7360
환경표지인증,인증결과,인증서 발급,인증서 분실 시 재발급 가능,가능합니다. 환경마크 인증시스템에 로그인 하신후 인증서 관리 단의 인증서 출력을 통해 새로운 인증서를 발급 받으실 수 있습니다.,웹링크,바로가기,http://elms.keiti.re.kr,전화걸기,바로전화,1577-7360
환경표지인증,인증신청,가능여부,환경표지 인증 신청 가능 제품 확인 방법,"환경표지 홈페이지(http://el.keiti.re.kr)「홈 → 인증기준」을 통해서 환경표지 대상제품 및 인증기준을 제공하고 있으며, 기준검토 이후, 환경마크 인증시스템을 통해 온라인으로만 인증을 실청하실 수 있습니다. ",웹링크,바로가기,http://elms.keiti.re.kr,전화걸기,바로전화,1577-7360
환경표지인증,인증신청,검증방법,현장심사 진행 방식,"현장심사는 고시된 인증기준의 적합성 여부를 현장에서 직접 확인하거나 시료를 채취하여 시험분석기관에 의뢰하여 조사하는 것을 말하며, 실태조사는 제조 공장을 대상으로 인증기준의 환경 및 품질기준을 지속적으로 유지ㆍ관리 할 수 있는 능력에 대해 평가하는 것을 말합니다. ",웹링크,바로가기,http://elms.keiti.re.kr,전화걸기,바로전화,1577-7360
환경표지인증,인증신청,검증방법,실태조사 진행 방식,"현장방문을 통해 실태조사를 실시하며, 심사 결과 총70점 이상을 획득한 공장에서 생산한 동일 대상제품군의 경우에는 향후 4년간 현장심사 및 램덤샘플링을 생략하고 공인 시험ㆍ검사기관의 성적서로 갈음하여 인증을 받을 수 있습니다. ",웹링크,바로가기,http://elms.keiti.re.kr,전화걸기,바로전화,1577-7360
환경표지인증,인증신청,검증방법,현장 심사 시 확인 사항,해당 인증기준 ‘라. 시험방법’에 제시된 인증기준 항목별 검증방법을 중심으로 확인하게 됩니다. 자세한 사항은 배정된 담당자에게 문의하시면 됩니다.,웹링크,바로가기,http://elms.keiti.re.kr,전화걸기,바로전화,1577-7360
환경표지인증,인증신청,검증방법,인증관련 담당자/현장심사일 확인 방법,"환경마크 온라인 인증 신청 시 신청자 정보에 입력된 휴대폰 번호를 통해 배정된 담당자와 현장심사일정을 문자(SMS)로 발송해 드리고 있으며, 자세한 사항은 환경표지 온라인 신청시스템(http://elms.keiti.re.kr)에서 확인이 가능합니다.",웹링크,바로가기,http://elms.keiti.re.kr,전화걸기,바로전화,1577-7360
환경표지인증,인증신청,동일인정인증제품,동일인정인증제품 신청 방법,"환경마크 인증 신청 시스템을 통해 온라인으로 신청 가능하며, 신규 인증 진행절차와 동일하게 진행되나 현장심사와 시험분석 의뢰 및 검증은 생략됩니다.",웹링크,바로가기,http://elms.keiti.re.kr,전화걸기,바로전화,1577-7360
환경표지인증,인증신청,동일인정인증제품,동일인정인증제품이란,동일인정인증제품은 기인증 기업의 동의 하에 인증 중인 제품을 수급하여 다른 판매자가 제품명만 달리하여 판매하는 경우 신청하여 인증 받는 제도입니다. 동일인정인증제품의 인증기간은 기인증제품의 인증기간과 동일합니다. ,웹링크,바로가기,http://elms.keiti.re.kr,전화걸기,바로전화,1577-7360
환경표지인증,인증신청,신청방법,신청수수료 납부 이후 인증완료까지 소요 기간,"법정소요일은 30일 이내이며, 동 기간에는 현장검증기간, 자료제출기간, 시험검증기간은 포함되지 않습니다. ",웹링크,바로가기,http://elms.keiti.re.kr,전화걸기,바로전화,1577-7360
환경표지인증,인증신청,신청방법,인증업무 절차,대상제품군별 인증기준 확인 → 인증신청서 제출 → 수수료 납부 → 접수 → 심사원배정 및 현장심사일 통보 → 서류검토 및 자료보완 → 현장심사 → 시험성적서 수령 → 인증심의위원회 심의 → 심의결과 통보 → 사용료 납부 → 인증서 교부 → 환경표지 사용,웹링크,바로가기,http://elms.keiti.re.kr,전화걸기,바로전화,1577-7360
환경표지인증,인증신청,신청방법,환경표지 인증 신규 신청 접수기간,환경마크 인증 신청은 환경마크 인증 신청시스템을 통해 상시 신청하실 수 있습니다. ,웹링크,바로가기,http://elms.keiti.re.kr,전화걸기,바로전화,1577-7360
환경표지인증,인증신청,신청방법,방문 상담 가능,우리 원으로 방문 시 상담은 수시로 제공하고 있습니다. 별도 연락 없이 방문하셔도 상담이 가능합니다. 방문 상담 이외에도 온라인 또는 유선 전화로도 언제나 상담이 가능합니다. 환경마크 인증상담센터(1577-7360)를 활용하시어 담당자 확인 후 전화 주시기 바랍니다. ,웹링크,바로가기,http://elms.keiti.re.kr,전화걸기,바로전화,1577-7360
환경표지인증,인증신청,필요서류,환경표지 인증 신청 시 제출서류,"환경표지 인증 신청시 함께 제출하는 서류는 환경마크 인증신청서, 사업자등록증 및 공장등록증 사본, 제품공정도, MSDS(물질안전보건자료), 제품 카달로그, 기타 증빙자료 등이 있습니다. 제출서류 관련 문의사항은 온라인 신청서를 접수하시면 상담센터에서 확인 후 안내해 드리고 있습니다.",웹링크,바로가기,http://elms.keiti.re.kr,전화걸기,바로전화,1577-7360
환경표지인증,인증현황/관리,인증 기업 · 제품 조회,현재 인증 중 업체 및 제품 확인 방법,녹색제품정보시스템(http://www.greenproduct.go.kr)에 접속 후 검색하시면 확인 가능합니다. 또한 환경마크 홈페이지 정보마당 자료실에서 월별 인증제품 현황을 다운로드 받아 확인하실 수 있습니다.,웹링크,바로가기,http://www.greenproduct.go.kr,전화걸기,바로전화,1577-7360
환경표지인증,인증현황/관리,인증 사후관리,환경표지 인증 후 사후 관리 방식,"제품사후관리실에서는 인증기준 적합여부 조사를 위한 사전예고를 실시하고 인증업체에서는 1개월 이내에 품질관리 내역서를 제출하여야 합니다. 제출된 품질관리 내역서의 검토를 거쳐 선별된 업체를 대상으로 시중에 판매되는 제품을 수거하거나 생산현장을 방문하여 시료수거 및 시험분석을 진행하고, 시험분석 결과가 인증기준에 적합한지 여부와 해당 제품의 판매 현황, 환경표지 도안 사용 규정의 준수 여부를 확인합니다.",웹링크,바로가기,http://elms.keiti.re.kr,전화걸기,바로전화,02-2284-1947
환경표지인증,인증현황/관리,환경표지 무단사용 조치,환경표지 무단사용 시 조치 방법,"제품사후관리실에서는 환경표지등의 인증을 받지 아니하고 환경표지 등 또는 이와 유사한 표지를 표시하거나 환경표지등의 인증에 관한 광고를 하는 행위에 대한 조사를 실시합니다. 동 사실이 발견될 경우,「환경기술 및 환경산업 지원법」제34조에 따라 2년 이하의 징역 또는 1천만원 이하의 벌금에 처해지게 됩니다.",웹링크,바로가기,http://elms.keiti.re.kr,전화걸기,바로전화,02-2284-1947
환경표지인증,파생신청,가능여부,파생제품 추가 가능,"가능합니다. 다만, 기 인증 제품과 환경성 및 품질에 변동사항이 없다면(원료사용 내역 및 모든 사양이 동일한 경우) 파생제품 등록이 가능합니다. 더불어 대상제품군에 따라 제품의 추가 가능 여부가 다를 수 있기 때문에 인증기준 및 제품단위 자료를 환경표지 홈페이지(http://el.keiti.re.kr)에서 반드시 확인하시기 바랍니다.",웹링크,바로가기,http://elms.keiti.re.kr,전화걸기,바로전화,1577-7360
환경표지인증,파생신청,가능여부,동일 제품의 명칭 변경 파생제품 판매 가능,"환경표지 홈페이지(http://el.keiti.re.kr) 홈 → 정보마당 → 서식 → 환경표지 파생제품 등록 신청서를 다운로드 하여 작성 후 환경표지 파생제품 등록신청서와 첨부자료(인증서 원본, 제품관련 카달로그 및 설명서)를 같이 제출하시면 됩니다.",웹링크,바로가기,http://elms.keiti.re.kr,전화걸기,바로전화,1577-7360
환경표지인증,파생신청,신청방법,파생제품 등록 시 현장심사 및 시험의뢰 진행 여부,"파생제품 등록의 경우 현장심사나 시험의뢰를 진행하지 않으며, 서류심사를 통해 진행됩니다.",웹링크,바로가기,http://elms.keiti.re.kr,전화걸기,바로전화,1577-7360
환경표지인증,파생신청,신청방법,파생제품 처리 기간,"파생제품 등록의 경우 처리기간은 수수료 납부 후 15일 이내에 처리 됩니다. 다만, 자료보완 사항 발생 시 업체가 자료를 보완하시는 기간은 처리기간에 포함되지 않습니다.",웹링크,바로가기,http://elms.keiti.re.kr,전화걸기,바로전화,1577-7360
